ProviderID,FirstName,LastName,Specialization,DeptId,NPI
H1-PROV0001,Alka,Date,Anesthesiology,DEPT014,4045369970
H1-PROV0002,Parth,Lal,General Surgery,DEPT007,7944688004
H1-PROV0003,Unni,Ganguly,Pediatrics,DEPT009,3585959791
H1-PROV0004,Wishi,Kanda,Radiology,DEPT008,6941328084
H1-PROV0005,Manbir,Das,Emergency Medicine,DEPT015,6357500188
H1-PROV0006,Bhavya,Sanghvi,Radiology,DEPT002,7806355502
H1-PROV0007,Falguni,Dhaliwal,Anesthesiology,DEPT006,2047526248
H1-PROV0008,Thomas,Soni,Emergency Medicine,DEPT001,1688052569
H1-PROV0009,Yashoda,Saraf,General Surgery,DEPT017,6355316726
H1-PROV0010,Osha,Madan,Radiology,DEPT013,5218583826
H1-PROV0011,Daksha,Rattan,Emergency Medicine,DEPT017,3973765207
H1-PROV0012,Logan,Bawa,Cardiology,DEPT005,1129496358
H1-PROV0013,Pooja,Mandal,Anesthesiology,DEPT010,6671188573
H1-PROV0014,Dakshesh,Mammen,Pediatrics,DEPT001,4999604860
H1-PROV0015,Xavier,Pal,Orthopedics,DEPT015,4307156256
H1-PROV0016,Daksha,Choudhary,Anesthesiology,DEPT007,2498694721
H1-PROV0017,Reyansh,Dubey,Dermatology,DEPT005,1094569914
H1-PROV0018,Kabir,Kata,Psychiatry,DEPT013,4248273775
H1-PROV0019,Harita,Murthy,Anesthesiology,DEPT009,0337957519
H1-PROV0020,Shaurya,Sangha,Emergency Medicine,DEPT010,1148803238
H1-PROV0021,Deepa,Bhandari,Neurology,DEPT010,1436662886
H1-PROV0022,Nidhi,Shah,Oncology,DEPT020,0506327140
H1-PROV0023,Jeet,Morar,Cardiology,DEPT009,2161881172
H1-PROV0024,Upasna,Sen,Pediatrics,DEPT015,9785087559
H1-PROV0025,Tanvi,Madan,Radiology,DEPT003,5891731519
